order_item_id,order_id,book_id,quantity,unit_price
1,548,1034,4,13.23
2,1176,175,1,46.95
3,664,336,1,12.28
4,530,743,5,42.27
5,194,65,1,27.24
6,303,160,5,34.5
7,361,133,5,41.62
8,1220,52,5,42.77
9,87,1275,5,16.48
10,828,160,2,48.29
11,104,1444,3,17.19
12,499,893,3,15.43
13,1135,712,2,17.11
14,338,396,2,27.99
15,405,26,5,37.71
16,141,616,5,13.22
17,718,158,1,34.08
18,671,1100,4,32.79
19,458,947,1,19.14
20,1067,1214,2,19.12
21,246,1471,2,18.96
22,1294,439,2,31.41
23,1174,596,3,17.41
24,869,1419,5,31.58
25,1169,1054,2,44.58
26,344,1246,5,15.69
27,681,600,1,20.54
28,1227,1340,1,25.45
29,95,973,5,24.14
30,683,1073,3,14.78
31,1089,907,1,49.35
32,197,521,4,37.97
33,904,78,2,24.21
34,148,392,3,38.24
35,89,621,2,48.46
36,50,876,5,23.14
37,887,4,2,25.82
38,1114,908,5,33.1
39,469,962,4,37.2
40,401,1101,4,18.9
41,247,279,2,24.11
42,1207,453,3,27.47
43,421,1160,1,32.2
44,504,542,5,29.71
45,1178,883,2,19.05
46,595,114,2,20.5
47,14,1270,5,40.19
48,822,1196,4,49.43
49,544,1083,3,15.97
50,629,962,1,27.93
51,1263,980,5,42.36
52,1399,1420,3,19.96
53,1290,21,3,17.92
54,918,126,1,25.17
55,579,1464,3,34.37
56,1312,100,4,26.04
57,368,370,4,26.89
58,799,198,2,33.74
59,330,897,5,38.42
60,717,844,5,39.81
61,951,1426,3,34.48
62,769,887,1,13.4
63,1059,315,5,21.07
64,311,444,1,18.03
65,849,505,2,18.28
66,659,679,4,10.44
67,1108,310,5,39.73
68,496,455,5,14.03
69,347,319,3,45.09
70,1134,876,5,43.63
71,717,576,3,35.39
72,1493,959,5,34.42
73,262,380,5,49.11
74,244,1371,1,13.45
75,638,1026,2,10.3
76,763,550,5,32.53
77,86,1256,1,26.66
78,1085,1232,2,29.9
79,163,972,3,14.74
80,804,1200,5,34.62
81,1253,316,3,35.56
82,4,1187,4,21.28
83,294,484,5,14.24
84,888,247,5,14.22
85,665,661,3,22.77
86,274,640,5,44.71
87,625,1007,3,14.66
88,388,870,2,18.68
89,1019,727,3,21.17
90,74,429,4,29.82
91,1158,251,3,32.31
92,857,42,3,25.28
93,77,379,4,15.46
94,419,308,5,46.35
95,353,205,3,10.14
96,423,791,4,35.9
97,1288,199,5,43.71
98,908,912,2,49.15
99,155,593,3,12.57
100,657,198,3,11.8
101,981,86,2,15.86
102,989,280,1,14.83
103,1218,622,2,37.54
104,958,1383,3,10.2
105,239,13,5,16.41
106,1024,1225,1,33.97
107,826,1493,4,33.89
108,684,1202,5,20.12
109,872,1193,1,17.02
110,770,553,4,39.56
111,1004,821,2,39.48
112,332,256,4,39.83
113,541,524,2,36.3
114,515,787,3,20.93
115,1318,898,1,23.64
116,173,399,5,24.01
117,245,204,5,25.32
118,706,235,5,31.86
119,1430,122,1,32.65
120,1274,64,3,11.27
121,593,1168,2,48.76
122,1313,741,4,24.65
123,1347,258,1,18.0
124,854,1294,5,19.68
125,131,302,2,33.8
126,386,593,4,16.43
127,1354,262,1,13.9
128,130,809,2,28.1
129,1272,354,4,15.6
130,326,808,1,35.9
131,857,970,1,13.99
132,633,654,3,46.82
133,708,543,3,36.83
134,873,1344,4,15.78
135,351,903,5,24.74
136,22,25,4,28.66
137,1367,403,4,24.34
138,1406,84,4,30.75
139,58,470,5,11.42
140,541,324,1,37.69
141,1158,775,3,24.16
142,671,431,4,49.04
143,1225,997,1,27.38
144,796,930,3,22.19
145,644,1321,3,47.56
146,636,522,3,31.32
147,1300,1079,5,42.01
148,1460,1026,1,11.78
149,1043,382,3,23.71
150,651,52,5,16.96
151,98,27,1,30.01
152,800,876,3,39.28
153,227,881,1,48.51
154,1458,1333,2,49.47
155,118,808,3,34.34
156,680,1231,3,44.88
157,403,37,5,15.76
158,958,672,5,42.12
159,963,1152,3,33.81
160,203,863,1,19.13
161,904,450,5,10.12
162,263,131,2,13.94
163,831,617,5,35.47
164,65,593,5,11.38
165,911,1065,1,40.18
166,1310,393,1,21.07
167,11,1326,3,27.42
168,833,863,2,24.27
169,280,193,3,24.04
170,1246,621,5,28.71
171,1358,602,5,44.84
172,851,439,1,22.52
173,1126,1150,4,36.1
174,1357,1066,3,31.36
175,458,689,3,42.82
176,1273,1490,4,35.2
177,516,1206,2,17.64
178,310,171,1,39.12
179,853,863,3,42.88
180,3,1413,4,45.01
181,394,1214,2,20.32
182,279,626,4,35.43
183,1091,1287,5,47.68
184,495,688,4,35.69
185,73,141,3,29.38
186,1266,599,5,26.12
187,63,1258,2,18.87
188,422,1493,5,31.65
189,1006,591,2,46.77
190,155,349,5,28.5
191,1361,530,2,29.93
192,656,101,4,20.9
193,340,951,4,34.52
194,253,488,3,26.36
195,10,541,1,13.3
196,1083,915,4,46.28
197,518,1455,4,21.61
198,836,339,2,20.33
199,342,645,2,32.64
200,95,67,5,10.15
201,146,1035,2,19.31
202,275,976,5,30.94
203,1467,1389,3,30.98
204,537,1226,5,12.04
205,1193,469,1,11.59
206,535,681,1,23.59
207,284,1467,2,40.74
208,919,1130,2,45.46
209,288,104,1,17.22
210,1083,306,2,26.56
211,970,628,1,11.75
212,859,532,5,42.8
213,1218,419,1,13.25
214,495,674,2,20.26
215,1261,849,2,22.78
216,1460,482,3,20.39
217,250,1077,2,24.36
218,1321,135,5,26.54
219,433,1256,1,17.86
220,553,704,3,29.05
221,262,1470,1,36.18
222,1223,1492,5,11.89
223,1121,666,1,35.41
224,905,1357,1,22.57
225,1440,747,1,31.6
226,166,1273,2,44.11
227,1348,545,2,27.87
228,1020,491,3,26.76
229,604,283,5,28.34
230,1227,1180,2,30.75
231,766,847,3,11.18
232,617,59,1,35.5
233,313,1405,4,13.32
234,202,701,3,17.35
235,966,1476,5,33.58
236,186,527,1,45.95
237,1333,84,1,22.16
238,262,484,5,15.35
239,739,481,2,15.14
240,1107,309,5,38.6
241,1232,855,5,20.75
242,582,133,5,31.34
243,565,340,4,23.87
244,9,825,4,23.85
245,770,135,1,48.37
246,863,853,4,38.48
247,1305,1450,5,30.73
248,1258,1423,1,42.6
249,832,936,3,27.44
250,1491,1373,5,30.89
251,1498,214,3,10.49
252,968,859,2,32.19
253,235,579,5,24.11
254,1308,531,5,23.5
255,452,1171,2,29.71
256,1043,213,4,28.76
257,140,860,4,38.4
258,438,624,3,45.52
259,491,978,1,36.27
260,222,339,3,29.2
261,1207,127,2,11.26
262,1072,1311,1,21.75
263,1188,652,1,18.16
264,39,658,1,15.62
265,460,7,4,48.96
266,1033,1337,3,11.67
267,1021,842,1,30.82
268,1204,860,3,10.97
269,591,844,2,23.59
270,984,573,3,18.09
271,264,15,5,34.69
272,438,382,2,37.3
273,927,64,3,21.68
274,738,1302,3,24.32
275,904,533,2,35.15
276,1336,473,4,35.91
277,1413,911,2,33.3
278,1419,1029,2,30.78
279,754,423,3,28.82
280,659,178,1,12.0
281,24,1034,2,15.83
282,1170,568,4,49.39
283,721,1220,5,27.73
284,656,457,5,21.89
285,514,28,3,44.4
286,552,1091,5,31.75
287,1447,1165,2,35.84
288,880,844,4,45.54
289,872,477,5,37.26
290,1024,41,4,32.0
291,1334,533,1,22.33
292,1390,547,2,29.63
293,1428,757,3,49.37
294,436,341,4,23.0
295,1272,669,3,35.12
296,1181,999,2,33.69
297,1381,338,2,23.69
298,1487,272,2,21.95
299,704,981,1,49.62
300,548,890,3,12.94
301,456,1054,3,22.74
302,71,862,1,10.42
303,714,1208,2,23.84
304,500,196,4,32.61
305,932,55,2,28.51
306,1407,941,3,26.73
307,3,1249,2,42.26
308,801,793,2,32.1
309,962,1171,3,27.17
310,12,970,3,31.42
311,746,27,2,42.85
312,848,996,2,16.4
313,904,1395,3,40.43
314,1414,1282,4,23.71
315,143,967,1,37.8
316,1405,677,1,28.19
317,1297,20,1,12.66
318,925,1095,1,46.09
319,1416,487,1,37.26
320,617,728,3,36.08
321,1423,623,2,29.13
322,1413,1004,2,27.06
323,441,1010,4,20.95
324,7,556,4,10.9
325,581,443,2,41.31
326,762,535,4,45.48
327,645,838,1,15.07
328,855,615,5,48.62
329,647,725,3,10.28
330,514,1317,1,19.13
331,461,1104,3,37.29
332,485,639,3,15.24
333,926,1088,3,39.95
334,748,772,5,17.02
335,118,521,5,36.51
336,436,686,2,18.49
337,1067,587,1,47.3
338,1032,1028,2,14.48
339,923,1173,3,24.97
340,45,496,3,40.1
341,292,383,3,48.54
342,1470,459,2,16.0
343,225,1248,1,28.73
344,132,706,2,23.01
345,48,403,4,34.29
346,1173,1071,5,12.6
347,857,1351,1,48.3
348,564,1281,3,21.97
349,159,610,1,43.94
350,1272,263,5,46.35
351,215,842,5,40.12
352,394,823,3,48.22
353,258,1316,5,29.89
354,16,722,2,31.38
355,1125,125,4,14.57
356,181,1316,4,24.78
357,599,813,2,42.7
358,942,614,2,41.84
359,1477,78,2,33.98
360,973,33,3,44.69
361,1264,508,1,35.2
362,1060,347,2,41.4
363,886,475,5,19.5
364,1004,832,3,28.84
365,149,1441,3,31.02
366,63,394,1,29.81
367,1174,370,1,22.26
368,1363,277,5,13.36
369,586,1169,5,25.55
370,1135,365,1,41.32
371,1421,1465,2,23.14
372,149,119,2,44.23
373,645,599,1,34.91
374,82,644,2,16.23
375,690,950,2,31.39
376,1051,231,3,35.99
377,1398,597,4,45.21
378,954,1394,5,17.69
379,428,797,4,21.49
380,744,825,2,14.66
381,1003,1126,1,10.51
382,1078,774,5,48.03
383,1315,639,2,13.57
384,363,578,4,17.25
385,613,1107,4,38.3
386,1398,381,3,38.3
387,1066,1481,2,33.67
388,1063,235,2,47.61
389,1086,588,3,43.8
390,357,3,1,32.43
391,39,1465,5,25.24
392,569,1439,3,18.6
393,52,1367,1,45.44
394,853,961,1,35.84
395,309,363,2,23.21
396,342,681,5,18.85
397,83,529,5,42.05
398,298,97,1,17.88
399,1462,756,4,10.26
400,477,1095,1,38.59
401,554,803,2,17.66
402,826,427,3,24.35
403,1054,320,3,48.24
404,698,1216,5,39.76
405,1345,442,4,28.52
406,1364,1186,3,41.13
407,1191,1048,2,22.48
408,1409,578,4,47.5
409,1467,334,5,28.77
410,776,15,1,32.19
411,1278,738,4,40.16
412,425,1040,2,38.46
413,531,775,3,16.09
414,298,158,4,38.26
415,1081,110,2,25.5
416,1230,930,2,39.36
417,925,326,3,49.51
418,792,1061,5,42.74
419,168,1257,2,44.13
420,934,202,1,47.8
421,697,1316,3,44.23
422,274,1479,5,10.89
423,1138,1363,5,45.72
424,1030,1196,3,39.86
425,644,1417,5,11.87
426,850,890,2,32.99
427,1361,1323,1,49.84
428,651,567,2,43.8
429,1271,1432,3,43.2
430,601,766,5,34.55
431,953,1292,1,17.39
432,1261,511,5,10.29
433,334,1462,3,29.86
434,511,946,4,25.01
435,1131,1410,5,22.78
436,1114,1117,3,29.21
437,1477,376,5,12.33
438,469,495,5,40.53
439,466,69,1,13.52
440,644,1058,3,15.9
441,842,1133,5,35.05
442,1013,105,3,25.95
443,595,761,1,42.54
444,503,92,1,26.36
445,1134,114,5,26.5
446,1397,411,5,12.15
447,1445,543,2,34.77
448,47,1495,5,42.86
449,398,787,2,39.08
450,214,560,4,33.76
451,433,1311,5,45.43
452,1486,1398,3,13.87
453,39,1154,3,27.84
454,413,1127,1,19.44
455,1271,334,2,27.83
456,616,688,4,19.45
457,185,175,5,44.76
458,423,960,5,13.99
459,646,1289,1,23.07
460,334,1439,3,12.68
461,826,806,4,38.79
462,1498,393,5,26.06
463,588,661,4,47.63
464,1100,670,1,20.69
465,775,208,2,18.4
466,326,79,5,14.58
467,324,1301,4,21.28
468,133,686,1,49.45
469,69,1142,5,34.33
470,1220,73,2,44.62
471,1097,932,4,20.77
472,174,562,1,40.44
473,698,815,1,40.86
474,767,698,1,21.41
475,1080,250,2,14.66
476,533,905,2,41.54
477,532,1208,1,16.03
478,65,868,3,45.61
479,670,1138,4,48.63
480,915,114,2,44.74
481,1396,1297,4,14.82
482,360,353,3,16.42
483,1292,767,3,38.56
484,979,1366,5,29.36
485,314,882,4,34.8
486,603,971,5,27.72
487,130,535,3,14.74
488,1060,314,5,14.88
489,945,630,2,12.9
490,1439,261,3,17.99
491,343,605,1,42.56
492,493,1038,4,11.45
493,447,1249,2,32.18
494,90,293,1,31.93
495,759,411,2,19.66
496,1002,233,5,42.87
497,1260,969,3,44.86
498,1306,1001,1,27.76
499,210,1347,4,24.19
500,418,958,3,20.83
501,885,154,5,32.21
502,246,254,1,49.56
503,76,244,2,40.48
504,683,1474,4,34.95
505,434,36,2,23.76
506,668,1386,5,47.26
507,503,13,1,44.26
508,794,596,5,16.07
509,1408,1335,3,25.88
510,1292,514,1,27.66
511,1475,1019,5,17.16
512,1435,1185,4,39.08
513,733,1496,3,42.94
514,9,1350,1,31.73
515,343,155,4,29.76
516,335,19,2,20.79
517,1288,1161,4,12.16
518,409,752,4,13.37
519,1171,420,3,44.01
520,1139,422,3,37.48
521,239,351,1,14.44
522,996,993,2,18.82
523,843,1410,4,38.5
524,1071,1437,5,22.38
525,122,248,3,48.61
526,852,289,2,25.85
527,602,771,4,42.96
528,1224,746,2,42.96
529,1060,300,3,48.04
530,159,1144,4,22.83
531,709,1498,4,32.76
532,585,684,4,12.63
533,1230,1094,3,41.85
534,215,664,3,20.68
535,872,826,2,14.27
536,1410,582,2,10.54
537,45,256,4,12.63
538,1257,1406,4,20.03
539,266,1217,3,43.23
540,1339,1141,3,45.64
541,943,1244,1,23.0
542,329,538,5,30.86
543,1110,1237,4,10.48
544,237,706,1,41.5
545,107,395,2,35.14
546,1308,1374,1,24.16
547,580,877,5,48.96
548,143,947,4,36.0
549,1474,60,5,40.49
550,113,750,2,42.77
551,1342,792,4,13.91
552,43,620,1,21.73
553,357,1447,3,20.21
554,190,144,3,49.28
555,1279,1220,2,22.35
556,413,403,2,32.29
557,1023,733,1,45.57
558,1464,1205,1,44.11
559,1355,669,3,14.43
560,767,1272,5,44.88
561,1132,13,1,40.73
562,979,641,2,49.04
563,210,1226,5,27.59
564,165,1258,5,26.62
565,75,1246,5,39.57
566,634,263,4,48.98
567,1425,82,2,13.37
568,968,1184,1,13.0
569,1473,1121,5,44.15
570,316,690,3,26.44
571,377,1358,4,36.12
572,131,336,1,41.99
573,1362,1309,2,10.66
574,655,113,5,40.78
575,732,843,1,34.06
576,727,1343,3,24.06
577,1115,894,4,45.1
578,1117,1004,4,21.53
579,1020,752,2,42.12
580,1165,371,3,31.5
581,545,116,5,29.47
582,445,1010,5,29.81
583,715,249,1,11.74
584,206,1345,1,25.91
585,1144,1097,3,25.04
586,1456,655,1,15.32
587,529,1251,4,11.0
588,151,582,2,24.06
589,519,541,1,21.29
590,1038,1352,4,42.1
591,306,830,5,49.69
592,971,1417,4,44.28
593,1427,1243,1,33.31
594,1042,1399,2,42.61
595,363,979,1,42.68
596,556,338,3,45.85
597,442,1466,3,34.55
598,1322,11,4,15.53
599,811,535,5,43.18
600,890,13,5,23.95
601,1226,970,5,36.11
602,216,806,1,42.7
603,312,1182,1,37.11
604,1126,526,1,29.29
605,887,35,5,28.89
606,435,1282,4,10.73
607,1279,297,3,31.52
608,1245,655,4,49.27
609,778,111,3,15.83
610,818,662,3,32.39
611,1265,1145,4,34.44
612,238,1420,3,31.38
613,1283,1188,1,44.24
614,1110,1212,2,42.45
615,1388,1065,4,19.61
616,1129,1377,4,43.18
617,532,822,5,43.07
618,535,1128,4,41.09
619,202,1082,4,12.23
620,1366,1459,4,43.36
621,1040,825,3,25.4
622,924,975,5,42.81
623,121,237,5,12.74
624,1126,1379,1,34.43
625,10,1363,1,28.71
626,326,167,5,18.19
627,393,860,4,31.38
628,267,192,3,12.16
629,624,367,1,29.83
630,835,454,4,46.13
631,1425,865,4,10.45
632,893,184,3,44.04
633,617,22,4,22.08
634,1161,555,2,45.57
635,876,1285,5,12.02
636,478,256,1,16.66
637,587,1295,1,38.9
638,482,836,3,29.39
639,239,1001,2,46.53
640,383,353,5,40.77
641,903,233,3,49.68
642,1477,1495,3,19.33
643,1487,1002,4,21.01
644,1046,1437,5,22.52
645,1126,1233,1,45.58
646,1464,1386,3,35.91
647,1496,420,5,16.69
648,747,551,4,35.38
649,1260,420,2,40.59
650,831,541,5,21.51
651,851,1203,2,17.03
652,1353,625,1,30.98
653,934,1117,1,17.32
654,184,1382,4,25.63
655,821,382,2,47.83
656,1456,586,4,17.13
657,5,1237,4,49.82
658,945,971,2,15.73
659,168,1258,1,25.61
660,211,771,5,40.44
661,787,790,1,11.47
662,837,692,4,11.77
663,1224,1445,5,33.15
664,482,619,3,32.5
665,429,892,2,22.16
666,519,547,1,17.08
667,1092,1308,1,40.64
668,1144,982,1,42.09
669,709,1041,1,21.18
670,785,147,3,27.96
671,1359,97,2,35.65
672,185,843,5,28.78
673,1285,798,4,48.96
674,185,1221,3,30.4
675,762,397,4,49.63
676,1116,678,4,37.19
677,1437,1085,3,32.82
678,388,1085,5,15.43
679,1468,469,4,47.3
680,1371,1441,4,24.89
681,77,1080,4,24.57
682,1338,903,4,41.63
683,1293,363,1,10.47
684,635,557,5,14.12
685,759,791,3,40.6
686,179,599,5,11.64
687,500,659,4,19.39
688,591,1218,4,12.93
689,1194,1247,1,44.05
690,131,904,1,23.13
691,278,1084,1,32.54
692,20,351,3,31.45
693,236,417,4,47.2
694,941,767,5,28.59
695,1059,580,5,31.75
696,1395,1475,2,16.5
697,1463,754,1,23.44
698,1114,822,4,41.6
699,412,587,2,40.21
700,48,600,3,14.94
701,858,1078,5,31.48
702,1137,885,1,46.21
703,254,435,5,11.36
704,952,984,4,36.82
705,1309,1,5,39.81
706,475,1360,5,39.04
707,38,306,3,38.31
708,163,1193,4,46.01
709,423,952,2,20.3
710,1225,481,1,34.18
711,311,1017,5,32.38
712,797,203,5,16.62
713,809,1169,2,43.81
714,302,1348,4,20.26
715,553,841,1,48.87
716,696,224,5,33.12
717,885,345,2,35.96
718,394,600,2,35.89
719,1268,930,1,35.56
720,959,982,5,22.78
721,1203,1173,3,30.21
722,1140,602,2,15.53
723,245,900,4,13.84
724,856,269,4,35.22
725,279,717,3,12.91
726,1192,1139,3,47.07
727,917,871,2,19.82
728,270,39,4,16.97
729,881,770,1,36.24
730,221,386,5,41.55
731,978,1360,4,25.53
732,898,559,4,15.83
733,1312,229,4,16.73
734,1113,638,2,42.6
735,450,1078,4,37.57
736,818,1469,1,13.03
737,654,485,2,31.45
738,99,941,2,37.63
739,817,228,5,48.19
740,794,1379,3,21.23
741,12,325,2,36.78
742,818,843,3,17.39
743,840,463,5,42.34
744,187,665,1,10.58
745,140,359,3,22.66
746,670,300,4,26.83
747,449,602,2,26.95
748,1105,1343,2,31.77
749,1356,19,2,24.58
750,536,1482,1,15.0
751,312,321,2,27.09
752,216,1324,2,11.72
753,1118,1354,5,35.38
754,981,1192,2,47.54
755,739,1457,2,33.53
756,1380,688,5,28.19
757,1468,1387,2,28.73
758,1470,1241,2,20.17
759,965,477,2,29.14
760,1244,635,5,29.03
761,650,1373,2,16.94
762,937,945,3,20.23
763,593,1390,4,16.92
764,69,7,2,30.67
765,188,562,1,33.6
766,360,1059,5,49.82
767,637,382,2,33.68
768,1394,544,1,26.69
769,1415,463,5,12.86
770,1294,547,4,29.7
771,282,540,3,42.1
772,752,792,3,10.42
773,7,1078,5,49.54
774,818,1075,3,28.71
775,671,130,2,34.47
776,577,1336,3,45.29
777,492,743,3,46.38
778,499,193,3,22.27
779,1014,79,4,44.86
780,912,464,3,23.26
781,740,886,4,48.62
782,761,1339,5,45.74
783,1279,877,5,20.29
784,831,1245,1,17.28
785,1368,1491,5,27.29
786,386,774,1,40.62
787,687,607,2,29.89
788,1218,1177,5,29.63
789,939,224,2,20.91
790,289,518,1,10.97
791,755,476,3,20.81
792,1432,1461,5,17.69
793,1104,1182,5,17.95
794,1048,405,3,44.24
795,867,154,5,15.55
796,592,1215,5,16.01
797,796,745,5,18.21
798,770,138,3,49.78
799,876,552,2,12.63
800,776,1160,4,44.7
801,1009,532,2,39.39
802,180,1065,2,30.09
803,710,409,5,17.78
804,1434,1248,5,37.75
805,574,442,4,25.94
806,358,1086,1,41.31
807,729,965,2,47.45
808,331,763,1,10.12
809,162,225,1,35.44
810,390,1408,1,10.3
811,438,111,2,12.53
812,957,892,1,48.74
813,24,601,3,24.93
814,923,1368,4,46.77
815,643,553,3,11.51
816,1114,486,5,21.76
817,335,947,5,31.23
818,190,525,5,33.4
819,850,1409,3,10.32
820,472,818,3,47.39
821,463,476,5,18.33
822,1150,261,5,35.2
823,1048,656,1,25.74
824,1051,438,3,16.01
825,246,1143,2,25.37
826,585,415,5,23.41
827,441,1,3,16.32
828,948,955,2,47.1
829,501,925,5,16.14
830,127,472,5,47.31
831,470,609,3,22.1
832,1010,1439,2,43.03
833,1136,29,5,49.52
834,1417,858,5,48.42
835,137,1108,2,36.6
836,436,1000,2,14.84
837,736,1249,2,36.35
838,530,1108,3,29.73
839,979,227,1,41.67
840,221,309,1,32.79
841,832,319,4,16.93
842,302,618,3,25.88
843,33,336,2,14.63
844,967,861,2,23.5
845,982,950,4,28.58
846,1468,1417,4,24.62
847,201,453,5,42.55
848,1414,424,4,20.7
849,756,221,2,49.71
850,1423,359,2,12.61
851,575,239,1,33.8
852,853,730,3,21.49
853,980,676,3,12.76
854,693,705,2,15.47
855,544,415,4,42.88
856,192,1445,1,47.98
857,915,885,2,39.03
858,858,1114,5,35.11
859,1248,370,2,44.32
860,691,251,3,39.33
861,163,781,3,43.84
862,555,93,3,21.15
863,876,800,2,47.91
864,547,1318,4,37.3
865,100,1238,2,13.74
866,1111,1308,3,46.27
867,119,855,1,12.24
868,1273,194,3,16.34
869,1098,558,1,34.11
870,758,886,2,41.15
871,159,1402,5,20.88
872,189,1079,5,49.85
873,211,953,4,31.56
874,919,699,2,42.37
875,65,212,1,30.55
876,1477,749,4,11.2
877,1260,546,1,31.19
878,603,925,5,20.2
879,1270,957,4,26.15
880,1004,413,3,40.93
881,1231,1021,5,49.84
882,118,526,1,48.56
883,624,57,5,15.26
884,940,759,3,29.28
885,228,1144,1,15.72
886,876,581,5,23.09
887,216,1073,5,10.38
888,885,1218,4,12.25
889,619,154,1,33.75
890,1421,575,1,24.85
891,481,357,1,34.99
892,435,367,2,21.45
893,123,18,1,30.99
894,141,1364,3,23.05
895,160,433,4,16.64
896,732,796,2,18.12
897,780,39,2,14.48
898,1306,709,1,44.75
899,87,340,4,15.0
900,1412,816,3,35.31
901,969,970,2,43.63
902,869,1125,5,26.46
903,855,1258,4,40.99
904,729,218,2,22.11
905,336,12,3,45.48
906,956,561,2,14.58
907,1237,764,5,11.86
908,1380,842,4,44.87
909,428,156,4,42.61
910,897,116,5,48.14
911,866,925,1,34.01
912,33,222,2,43.22
913,237,1219,1,36.25
914,1073,892,3,44.36
915,428,109,1,39.19
916,303,189,1,44.66
917,1385,1037,5,48.8
918,331,1269,4,33.51
919,398,1212,1,30.6
920,886,1483,5,38.31
921,1336,1036,3,14.91
922,1379,508,4,40.25
923,1290,844,2,15.94
924,175,1151,2,27.74
925,1291,1057,5,16.89
926,1435,989,2,17.74
927,109,1017,5,14.8
928,480,54,4,22.62
929,1225,562,5,10.09
930,1193,1344,3,27.1
931,963,1020,1,21.65
932,617,1165,4,26.79
933,313,1122,2,45.19
934,25,46,4,23.1
935,1460,1406,1,24.87
936,1314,797,3,22.88
937,904,612,3,10.23
938,299,544,5,23.05
939,1440,786,1,35.99
940,20,657,2,17.18
941,333,942,4,42.11
942,92,920,4,36.04
943,1464,424,2,22.0
944,143,326,3,48.38
945,277,412,5,30.88
946,1468,912,5,49.8
947,125,162,5,37.53
948,1250,1137,2,22.83
949,1024,408,1,29.71
950,1364,342,3,16.43
951,205,1402,3,20.4
952,1011,458,2,12.5
953,1152,551,2,32.09
954,944,1028,5,33.18
955,154,721,5,10.22
956,1304,1425,2,26.1
957,1368,220,4,21.19
958,839,943,5,48.12
959,1360,558,4,19.32
960,917,1493,3,11.93
961,1394,994,2,31.04
962,669,1234,3,37.53
963,1130,883,1,17.87
964,75,1345,2,33.24
965,601,1435,4,33.54
966,1156,553,1,10.42
967,1166,1061,3,32.12
968,533,84,4,41.39
969,573,291,5,22.73
970,397,78,2,13.9
971,466,1171,1,25.72
972,680,1240,5,24.75
973,537,195,1,16.97
974,1305,1378,1,39.0
975,145,1408,5,22.06
976,522,454,5,25.58
977,718,338,3,11.01
978,673,22,1,25.62
979,813,805,2,35.04
980,1437,692,5,39.82
981,1379,296,4,27.71
982,710,1138,5,16.87
983,467,1269,2,33.35
984,1465,1441,2,20.59
985,34,229,3,28.83
986,1154,760,4,25.58
987,312,1030,1,15.2
988,1058,391,5,27.18
989,591,431,4,10.63
990,232,207,5,20.64
991,1169,1280,1,11.0
992,492,150,5,28.87
993,403,1224,5,48.04
994,667,624,5,34.38
995,45,1442,1,28.03
996,1391,657,5,49.15
997,519,898,1,24.34
998,335,1038,5,29.29
999,295,867,1,22.61
1000,1108,1321,2,43.25
1001,1448,428,4,37.2
1002,866,636,4,36.47
1003,111,185,4,17.49
1004,1015,1422,1,16.62
1005,1326,106,5,43.9
1006,1426,1265,5,33.65
1007,1354,467,2,37.16
1008,56,702,2,39.47
1009,667,1115,1,49.51
1010,106,618,5,44.59
1011,633,1121,4,28.59
1012,556,1500,1,46.15
1013,735,807,1,13.49
1014,135,191,5,26.06
1015,577,1196,1,35.05
1016,758,104,4,23.5
1017,527,1023,3,25.57
1018,1109,974,4,48.65
1019,990,818,3,39.67
1020,510,587,2,28.24
1021,123,861,5,25.89
1022,1002,669,2,37.89
1023,548,1386,1,37.59
1024,178,822,4,32.88
1025,310,1483,5,10.9
1026,850,1061,4,47.91
1027,44,294,4,41.93
1028,824,333,1,49.86
1029,868,395,5,25.7
1030,58,1467,1,44.51
1031,1028,983,1,45.82
1032,951,896,4,26.35
1033,46,1454,2,40.78
1034,1056,420,3,12.65
1035,226,446,1,20.34
1036,1465,511,3,13.45
1037,295,555,3,14.47
1038,1113,464,4,35.1
1039,812,313,1,37.82
1040,1429,138,5,37.9
1041,222,991,5,43.91
1042,754,155,3,13.07
1043,369,1267,3,41.77
1044,11,1375,3,25.15
1045,1316,679,4,16.41
1046,788,1312,1,30.57
1047,864,479,2,46.57
1048,736,189,5,25.49
1049,343,315,3,35.95
1050,953,431,2,25.8
1051,909,1398,4,17.0
1052,192,598,4,26.21
1053,291,1402,3,14.26
1054,1042,89,2,32.22
1055,1228,726,4,31.94
1056,1353,92,4,29.96
1057,336,809,3,45.95
1058,294,920,2,19.45
1059,994,1095,1,27.76
1060,1065,1138,2,43.83
1061,46,194,3,26.46
1062,987,1046,5,11.05
1063,351,462,2,22.44
1064,1207,324,5,43.95
1065,30,401,2,22.15
1066,335,159,4,15.96
1067,406,1460,3,22.59
1068,524,1014,2,46.87
1069,1232,1170,5,49.31
1070,1359,629,5,32.26
1071,1476,1271,3,10.82
1072,1229,316,4,11.67
1073,1055,192,1,26.51
1074,1091,89,5,47.74
1075,166,334,4,30.26
1076,861,149,2,19.34
1077,1434,1173,3,19.51
1078,1220,1118,3,48.9
1079,963,1398,2,31.71
1080,302,1193,1,43.03
1081,1484,786,2,27.25
1082,635,462,2,37.99
1083,613,427,5,45.39
1084,546,1045,2,38.0
1085,390,938,5,29.67
1086,1279,1214,5,10.52
1087,1034,423,4,23.97
1088,409,421,4,35.98
1089,446,990,4,12.6
1090,1209,892,1,21.56
1091,186,114,5,25.01
1092,1023,930,4,39.91
1093,861,571,4,40.51
1094,1495,771,4,29.3
1095,1292,814,2,13.43
1096,170,1123,4,22.08
1097,1242,373,1,16.56
1098,144,1000,1,38.81
1099,336,151,4,49.98
1100,1301,699,4,48.12
1101,1430,1056,3,11.71
1102,983,1329,1,41.55
1103,146,1387,4,36.66
1104,496,534,3,22.01
1105,624,867,3,32.86
1106,413,458,5,19.89
1107,1500,1409,2,46.09
1108,1078,683,2,25.85
1109,1261,81,4,34.26
1110,51,185,3,48.08
1111,131,37,5,32.64
1112,1378,296,2,45.24
1113,1496,270,5,43.02
1114,944,58,5,27.4
1115,170,917,5,41.1
1116,451,888,2,25.55
1117,861,1263,3,48.61
1118,143,1033,5,38.76
1119,181,1405,5,16.06
1120,115,275,2,29.91
1121,1203,1266,4,14.13
1122,686,183,5,35.31
1123,1408,1412,4,31.37
1124,1379,1099,5,27.44
1125,325,1374,1,26.83
1126,471,1307,2,33.09
1127,661,416,1,25.53
1128,672,67,5,19.96
1129,845,596,1,45.51
1130,1108,133,3,46.22
1131,286,1477,5,15.99
1132,578,342,1,27.73
1133,38,290,1,17.35
1134,955,903,5,42.52
1135,1369,803,4,39.91
1136,399,337,4,16.73
1137,1348,1350,1,13.28
1138,924,272,2,34.56
1139,531,681,3,10.88
1140,738,1067,4,17.08
1141,1330,1351,3,30.6
1142,794,76,1,18.44
1143,780,901,1,31.43
1144,1266,722,4,12.52
1145,273,537,2,12.34
1146,484,929,4,32.68
1147,1491,1032,1,14.07
1148,598,400,3,27.56
1149,1047,1184,2,29.35
1150,1461,1316,5,20.28
1151,584,215,4,40.97
1152,1489,1266,5,22.61
1153,398,1004,2,42.62
1154,421,289,5,24.89
1155,1150,718,2,14.94
1156,1239,421,3,21.22
1157,782,470,4,17.87
1158,1240,972,3,19.45
1159,1205,216,3,42.78
1160,452,1387,4,42.01
1161,119,895,2,18.74
1162,1054,69,5,26.57
1163,139,79,1,25.75
1164,871,1351,3,47.24
1165,1277,67,2,49.34
1166,1075,496,2,10.81
1167,740,200,2,19.71
1168,1054,814,5,28.59
1169,1131,959,4,41.41
1170,117,126,4,36.11
1171,84,604,4,35.19
1172,1488,985,3,38.97
1173,636,686,3,36.12
1174,879,24,3,21.77
1175,913,1110,2,20.62
1176,147,1422,2,17.65
1177,688,1078,4,16.48
1178,1352,326,1,39.32
1179,53,827,5,47.6
1180,660,1498,1,44.33
1181,887,1222,4,49.32
1182,1398,751,5,46.45
1183,1269,119,3,10.52
1184,1283,495,2,32.1
1185,1474,789,3,13.42
1186,1077,895,5,13.24
1187,1090,325,4,29.14
1188,25,146,1,41.19
1189,943,326,5,21.61
1190,934,714,3,38.62
1191,547,153,2,44.75
1192,564,204,2,18.15
1193,1108,478,1,49.47
1194,249,119,3,27.37
1195,529,1407,1,15.87
1196,736,413,5,10.42
1197,402,48,4,49.9
1198,568,503,2,42.89
1199,1371,1324,1,19.61
1200,208,554,1,39.52
1201,434,51,1,41.22
1202,1498,477,1,27.78
1203,1493,63,3,40.98
1204,1125,830,5,37.25
1205,894,1243,4,45.2
1206,889,1317,5,27.33
1207,170,119,3,27.66
1208,331,519,3,15.12
1209,628,130,4,43.55
1210,1412,447,3,15.3
1211,844,1167,2,43.25
1212,234,1408,2,34.6
1213,1242,105,3,49.48
1214,1484,168,3,12.3
1215,865,603,5,32.17
1216,1464,581,1,21.99
1217,625,1301,2,30.08
1218,367,253,2,35.75
1219,661,54,2,43.09
1220,179,97,3,19.32
1221,1108,196,1,49.53
1222,1065,1098,5,44.25
1223,856,1009,5,25.19
1224,451,1257,2,23.02
1225,740,1273,4,27.74
1226,1049,740,3,18.43
1227,713,1265,1,15.55
1228,1354,1242,5,36.15
1229,564,2,1,26.15
1230,31,495,2,44.65
1231,916,1436,1,45.55
1232,268,1248,4,17.25
1233,1246,1328,3,39.19
1234,971,298,5,39.13
1235,367,1487,1,10.33
1236,396,132,2,25.69
1237,1383,1046,5,20.5
1238,384,812,4,17.1
1239,1444,1261,2,29.62
1240,546,138,3,37.06
1241,1363,1321,2,44.43
1242,585,260,3,48.67
1243,604,440,2,41.0
1244,435,1356,1,32.37
1245,822,1043,2,33.19
1246,644,616,4,37.28
1247,273,426,2,17.53
1248,335,1374,2,33.39
1249,659,1024,4,48.56
1250,1486,1336,1,21.85
1251,712,804,5,13.06
1252,1331,956,4,49.56
1253,64,52,5,19.99
1254,1394,763,1,30.62
1255,907,1119,4,27.99
1256,319,641,1,23.7
1257,380,209,5,19.52
1258,408,1381,2,32.89
1259,733,570,3,24.85
1260,1343,858,3,38.81
1261,341,1093,1,46.15
1262,126,933,1,26.18
1263,1301,860,1,37.73
1264,593,390,2,19.79
1265,562,625,5,19.03
1266,259,443,5,39.07
1267,181,175,4,43.37
1268,173,179,4,41.15
1269,1368,1175,2,37.92
1270,493,923,4,26.63
1271,142,1311,3,39.61
1272,270,748,4,45.12
1273,564,178,5,48.84
1274,1143,997,1,39.85
1275,39,352,1,23.9
1276,1451,538,3,49.28
1277,568,1454,2,26.61
1278,422,1351,3,16.23
1279,115,1005,1,29.61
1280,630,876,5,36.49
1281,610,1348,2,19.31
1282,1085,172,3,12.87
1283,1189,1294,3,47.15
1284,1083,373,4,39.05
1285,224,718,1,46.03
1286,598,537,2,20.54
1287,359,701,2,27.39
1288,193,679,1,29.93
1289,1085,872,5,47.4
1290,1220,195,2,20.31
1291,1474,1436,4,41.18
1292,1371,601,3,26.75
1293,279,287,1,24.76
1294,1331,1141,1,32.37
1295,341,545,3,35.35
1296,1245,893,3,15.13
1297,1299,1299,5,48.52
1298,807,528,2,40.83
1299,343,653,5,45.03
1300,798,603,1,28.36
1301,499,567,2,11.48
1302,1344,758,5,33.25
1303,583,1008,3,34.5
1304,868,760,1,48.75
1305,754,598,4,30.7
1306,251,1255,5,32.02
1307,1426,923,3,19.64
1308,777,1356,5,48.05
1309,833,317,3,39.09
1310,101,25,4,32.69
1311,951,1115,1,34.74
1312,797,218,2,48.76
1313,381,710,4,13.12
1314,378,883,1,10.48
1315,1485,804,3,25.9
1316,146,1250,5,13.51
1317,1237,821,1,24.44
1318,91,814,4,34.68
1319,132,1315,3,35.91
1320,1318,489,5,23.39
1321,665,114,4,14.88
1322,7,582,2,29.97
1323,1397,339,4,37.61
1324,658,1439,1,34.1
1325,578,455,2,22.88
1326,450,219,5,29.29
1327,1157,1379,4,30.96
1328,1002,238,4,10.31
1329,938,1371,5,46.23
1330,287,692,3,24.95
1331,906,1371,2,28.91
1332,1342,1419,2,14.54
1333,255,513,4,35.05
1334,66,1112,3,47.56
1335,666,390,5,15.53
1336,487,605,4,29.96
1337,225,1397,3,11.46
1338,541,421,5,21.63
1339,317,1412,1,18.46
1340,956,974,2,36.78
1341,1477,792,3,31.99
1342,316,687,4,17.21
1343,1279,1147,2,15.7
1344,575,861,1,22.04
1345,555,1396,2,18.33
1346,237,123,4,32.88
1347,63,864,2,15.92
1348,674,795,1,15.0
1349,1271,598,4,21.35
1350,746,998,2,31.84
1351,1342,396,1,34.1
1352,1378,86,1,17.48
1353,1295,685,2,45.37
1354,239,1135,2,13.99
1355,609,1271,3,39.19
1356,456,776,4,43.83
1357,954,894,2,48.65
1358,17,817,4,28.61
1359,659,1474,1,16.54
1360,1115,1452,2,30.37
1361,800,547,1,12.04
1362,454,1001,2,47.82
1363,1469,1406,5,30.03
1364,627,289,2,19.87
1365,360,753,1,12.88
1366,551,1305,5,26.87
1367,483,871,5,22.38
1368,622,438,4,23.27
1369,1188,1232,2,44.66
1370,1393,650,1,12.44
1371,393,850,2,21.05
1372,594,1053,3,13.75
1373,957,652,5,39.42
1374,1449,1350,4,19.31
1375,185,657,3,15.74
1376,70,979,1,24.98
1377,1037,1197,3,48.56
1378,1459,271,1,24.07
1379,671,208,4,28.91
1380,62,120,1,22.01
1381,804,222,3,24.55
1382,1018,1419,5,48.81
1383,1134,206,4,46.82
1384,970,48,1,39.77
1385,1153,1327,4,10.98
1386,1332,617,3,36.07
1387,231,199,1,35.92
1388,163,618,1,39.91
1389,1289,479,2,27.33
1390,889,460,4,45.57
1391,614,1159,5,31.98
1392,475,868,3,43.99
1393,75,246,2,10.87
1394,649,158,1,39.26
1395,102,917,3,35.14
1396,228,194,5,34.4
1397,417,1324,4,15.03
1398,186,841,1,45.02
1399,658,402,4,48.62
1400,1389,1258,3,30.0
1401,637,1468,2,21.43
1402,1019,129,4,14.64
1403,387,1234,4,22.15
1404,565,617,4,28.12
1405,103,1354,1,34.05
1406,1275,928,1,20.55
1407,286,1482,2,36.19
1408,572,982,2,48.68
1409,1335,320,1,11.7
1410,1329,819,5,41.44
1411,45,242,1,42.37
1412,795,780,2,34.16
1413,113,1422,3,45.25
1414,1365,869,5,20.8
1415,1017,867,5,48.02
1416,1152,112,4,11.37
1417,596,1244,5,19.37
1418,1457,1338,3,15.2
1419,409,1047,5,41.39
1420,806,882,4,31.29
1421,1407,169,2,17.4
1422,1086,826,1,40.67
1423,864,1014,3,49.13
1424,754,537,2,26.66
1425,27,441,5,11.65
1426,1045,116,2,24.94
1427,1175,565,4,30.03
1428,697,1168,3,38.28
1429,859,1415,3,11.39
1430,1189,876,5,12.88
1431,26,18,5,13.46
1432,314,1223,5,37.24
1433,1428,1132,5,49.97
1434,482,348,5,37.82
1435,1372,114,1,22.52
1436,442,881,2,19.17
1437,1326,1390,1,29.42
1438,997,876,1,42.03
1439,1087,1361,3,47.99
1440,1026,661,1,23.01
1441,613,1035,4,46.64
1442,805,936,1,48.68
1443,362,993,1,36.04
1444,316,1097,3,46.26
1445,884,1402,2,10.57
1446,244,27,1,43.94
1447,694,688,5,44.57
1448,1304,811,4,44.43
1449,130,73,1,47.53
1450,1300,481,5,28.25
1451,674,886,3,35.96
1452,238,535,3,46.29
1453,1469,403,4,16.23
1454,995,861,5,11.83
1455,296,641,2,34.24
1456,721,864,1,19.9
1457,1286,819,1,39.03
1458,811,1391,2,10.58
1459,684,166,5,10.21
1460,1320,1304,1,16.65
1461,841,1418,2,26.15
1462,768,1491,5,30.73
1463,1266,1251,3,15.04
1464,239,776,2,30.82
1465,561,1193,2,49.74
1466,1223,704,1,49.88
1467,942,470,2,19.37
1468,1249,1178,5,39.53
1469,991,149,1,15.69
1470,711,1147,2,23.24
1471,772,1176,2,45.52
1472,707,730,5,15.91
1473,721,566,1,26.93
1474,868,489,1,42.22
1475,244,384,1,31.99
1476,1378,107,1,45.48
1477,28,507,3,44.51
1478,1367,33,2,17.36
1479,673,1383,5,31.42
1480,375,164,5,16.64
1481,1147,88,4,15.61
1482,787,670,2,30.57
1483,1425,113,3,23.55
1484,941,114,4,20.98
1485,179,743,1,39.75
1486,1064,1484,1,30.33
1487,244,1198,5,22.0
1488,1059,1137,2,30.21
1489,1009,994,1,17.97
1490,354,1317,2,26.89
1491,411,430,3,14.42
1492,1427,395,1,27.53
1493,1115,1171,3,34.63
1494,83,910,3,44.7
1495,684,393,4,33.6
1496,1177,778,1,15.38
1497,947,895,4,23.35
1498,828,781,2,22.96
1499,1169,139,4,47.66
1500,132,669,3,25.85
